{"cat RMSE": 2.2070039737532396, "_timestamp": 1681963812.6478631, "_runtime": 3.6107091903686523, "_step": 0, "_wandb": {"runtime": 3}}